Date,Zero Rate,Forward Rate
07-02-09,0,0.595
10-02-09,0.60868464,0.704471921
01-04-10,0.665158341,0.956110701
04-06-10,0.763178143,1.242542803
07-02-10,0.879524118,1.607996249
10-04-10,1.035347032,1.987532946
01-04-11,1.201305532,2.364550471
04-04-11,1.367538627,2.708059921
07-05-11,1.540656625,3.024394289
10-03-11,1.70947509,3.295335023
01-03-12,1.87599599,3.528937144
04-02-12,2.028898839,3.717713899
07-02-12,2.173973313,3.872538828
10-02-12,2.312190321,4.008367618
01-02-13,2.440675608,4.127310469
04-02-13,2.554091624,4.231477314
07-02-13,2.66285774,4.322204712
10-02-13,2.767121462,4.399877606
01-02-14,2.864270219,4.463405833
04-02-14,2.949423451,4.514763818
07-02-14,3.031187386,4.555555672
10-02-14,3.109584402,4.591528294
01-02-15,3.182559114,4.623417775
04-02-15,3.246147493,4.652939301
07-02-15,3.307854819,4.678597671
10-02-15,3.367774536,4.696245878
01-04-16,3.424879615,4.702511648
04-04-16,3.474978933,4.700262059
07-05-16,3.521897423,4.69047198
10-03-16,3.565713288,4.683221166
01-03-17,3.60724893,4.679996256
04-03-17,3.642631705,4.682415751
07-03-17,3.677521388,4.690278048
10-02-17,3.711794462,4.705719895
01-02-18,3.744865154,4.729537334
04-03-18,3.774030363,4.762098514
07-02-18,3.803357145,4.795235425
10-02-18,3.833774573,4.797174868
01-02-19,3.862647807,4.759655425
04-02-19,3.886321792,4.684842644
07-02-19,3.908241337,4.590050423
10-02-19,3.927991551,4.553575968
01-02-20,3.945908257,4.59510397
04-02-20,3.962791337,4.714091889
07-02-20,3.981664614,4.887567475
10-02-20,4.00484474,5.020108097
01-04-21,4.03046241,5.082528625
04-06-21,4.053947562,5.076865907
07-02-21,4.076105568,5.021564902
10-04-21,4.098708716,4.955522632
01-04-22,4.118632346,4.895596599
04-04-22,4.134416903,4.841637498
07-05-22,4.149739882,4.791104857
10-03-22,4.164114864,4.746240126
01-03-23,4.177367475,4.704849098
04-03-23,4.187445647,4.669197332
07-03-23,4.197456795,4.637780146
10-02-23,4.207380937,4.610857889
01-02-24,4.216571032,4.588144123
04-02-24,4.224180672,4.570476331
07-02-24,4.231236373,4.556894922
10-02-24,4.238671622,4.543859368
01-02-25,4.24565032,4.53055994
04-02-25,4.250576272,4.51834513
07-02-25,4.255947792,4.506151866
10-02-25,4.261740427,4.493772788
01-02-26,4.26716409,4.481134942
04-02-26,4.270730267,4.469559534
07-02-26,4.274757315,4.458012939
10-02-26,4.279221841,4.446710978
01-04-27,4.28344345,4.434273307
04-02-27,4.285856877,4.423376967
07-02-27,4.28879528,4.412895138
10-04-27,4.292221214,4.401171597
01-04-28,4.295354398,4.390065587
04-03-28,4.297577979,4.3795649
07-03-28,4.299618498,4.369315641
10-02-28,4.302094667,4.359020405
01-02-29,4.304383571,4.348569783
04-03-29,4.30524799,4.338599994
07-02-29,4.306560648,4.329227246
10-02-29,4.308329815,4.320208383
01-02-30,4.309942249,4.311656717
04-02-30,4.310242863,4.304797582
07-02-30,4.311029255,4.298743399
10-02-30,4.312292207,4.293294858
01-02-31,4.313460355,4.28828008
04-02-31,4.313435141,4.284929523
07-02-31,4.313918822,4.282423429
10-02-31,4.314903149,4.280544624
01-02-32,4.315844043,4.279314182
04-02-32,4.316222256,4.279226015
07-02-32,4.316591268,4.280801526
10-04-32,4.317477351,4.282026591
01-04-33,4.318366908,4.284103417
04-04-33,4.318247758,4.288079864
07-05-33,4.318670799,4.292479629
10-03-33,4.319632232,4.297654422
01-03-34,4.320628317,4.303248053
04-03-34,4.320686563,4.310451773
07-03-34,4.321300435,4.318373876
10-02-34,4.322459833,4.325674758
01-02-35,4.323673012,4.331897276
04-02-35,4.32398057,4.338304234
07-02-35,4.324812885,4.344217525
10-02-35,4.326151412,4.349330903
01-02-36,4.327514517,4.35358693
04-02-36,4.328436419,4.357517957
07-02-36,4.329378443,4.361168589
10-02-36,4.330786618,4.36400455
01-02-37,4.332195827,4.365719951
04-02-37,4.332712408,4.367657097
07-02-37,4.333675126,4.369049941
10-02-37,4.335067496,4.370144912
01-04-38,4.336451591,4.369338007
04-02-38,4.336931824,4.368785807
07-02-38,4.337834931,4.368431219
10-04-38,4.339143937,4.366169381
01-04-39,4.340405545,4.36337959
04-04-39,4.340798477,4.361081609
07-05-39,4.341575246,4.357705095
